time,exit,side,entry,exit_px,ret_pct,cash,eq,event
2026-06-26T13:30:00+00:00,2026-06-26T19:30:00+00:00,buy,371.250435,379.190002,2.139,106.93,606.93,ok
2026-06-29T13:30:00+00:00,2026-06-29T19:30:00+00:00,buy,382.6445,411.790009,7.617,462.29,1069.22,ok
2026-06-30T13:30:00+00:00,2026-06-30T19:30:00+00:00,buy,407.218,420.320007,3.217,344.02,1413.24,ok
2026-07-01T13:30:00+00:00,2026-07-01T19:30:00+00:00,buy,422.834717,425.369995,0.6,84.74,1497.97,ok
2026-07-02T13:30:00+00:00,2026-07-02T19:30:00+00:00,sell,426.945321,392.820007,7.993,1197.31,2695.29,ok
2026-07-06T13:30:00+00:00,2026-07-06T19:30:00+00:00,buy,398.511967,419.769989,5.334,1437.76,4133.05,ok
2026-07-07T13:30:00+00:00,2026-07-07T19:30:00+00:00,sell,415.719091,402.980011,3.064,1266.51,5399.56,ok
2026-07-08T13:30:00+00:00,2026-07-08T19:30:00+00:00,sell,398.176875,393.869995,1.082,584.04,5983.6,ok
2026-07-09T13:30:00+00:00,2026-07-09T19:30:00+00:00,buy,395.119802,406.540009,2.89,1729.45,7713.05,ok
2026-07-10T13:30:00+00:00,2026-07-10T19:30:00+00:00,sell,409.25852,407.744995,0.37,285.24,7998.29,ok
2026-07-13T13:30:00+00:00,2026-07-13T19:30:00+00:00,sell,403.396155,394.75,2.143,1714.31,9712.6,ok
2026-07-14T13:30:00+00:00,2026-07-14T19:30:00+00:00,sell,397.902706,396.059998,0.463,449.8,10162.4,ok
2026-07-15T13:30:00+00:00,2026-07-15T19:30:00+00:00,sell,399.986341,394.190002,1.449,1472.67,11635.06,ok
2026-07-16T13:30:00+00:00,2026-07-16T19:30:00+00:00,sell,391.172956,391.100006,0.019,21.7,11656.76,ok
2026-07-17T13:30:00+00:00,2026-07-17T19:30:00+00:00,sell,380.146139,380.690002,-0.143,-166.77,11489.99,ok
2026-07-20T13:30:00+00:00,2026-07-20T19:30:00+00:00,sell,382.957655,369.589996,3.491,4010.74,15500.73,ok
2026-07-21T13:30:00+00:00,2026-07-21T19:30:00+00:00,buy,372.092951,378.919891,1.835,2843.98,18344.71,ok
2026-07-22T13:30:00+00:00,2026-07-22T19:30:00+00:00,buy,378.767915,374.050995,-1.245,-2284.53,16060.18,ok
2026-07-23T13:30:00+00:00,2026-07-23T19:30:00+00:00,sell,339.977,319.459991,6.035,9692.04,25752.22,ok
2026-07-24T13:30:00+00:00,2026-07-24T19:30:00+00:00,sell,320.002101,313.0,2.188,5634.95,31387.17,ok
2026-07-27T13:30:00+00:00,2026-07-27T19:30:00+00:00,sell,313.556591,309.23999,1.377,4320.94,35708.11,ok
2026-07-28T13:30:00+00:00,2026-07-28T19:30:00+00:00,sell,305.007213,307.487396,-0.813,-2903.62,32804.49,ok
2026-07-29T13:30:00+00:00,2026-07-29T19:30:00+00:00,sell,306.398047,298.350006,2.627,8616.63,41421.12,ok
2026-07-30T13:30:00+00:00,2026-07-30T19:30:00+00:00,buy,303.793665,308.890015,1.678,6948.68,48369.8,ok
2026-07-31T13:30:00+00:00,2026-07-31T19:30:00+00:00,sell,308.671206,311.119995,-0.793,-3837.33,44532.46,ok
2026-08-03T13:30:00+00:00,2026-08-03T19:30:00+00:00,buy,311.94304,322.128296,3.265,14540.3,59072.77,ok
2026-08-04T13:30:00+00:00,2026-08-04T19:30:00+00:00,sell,324.368966,327.420013,-0.941,-5556.44,53516.32,ok
2026-08-05T13:30:00+00:00,2026-08-05T19:30:00+00:00,buy,324.620944,321.459991,-0.974,-5211.08,48305.24,ok
2026-08-06T13:30:00+00:00,2026-08-06T19:30:00+00:00,buy,318.001138,319.619995,0.509,2459.09,50764.33,ok
2026-08-07T13:30:00+00:00,2026-08-07T19:30:00+00:00,buy,323.21675,328.584991,1.661,8431.34,59195.68,ok
2026-08-10T13:30:00+00:00,2026-08-10T19:30:00+00:00,buy,327.624924,330.852997,0.985,5832.52,65028.2,ok
2026-08-11T13:30:00+00:00,2026-08-11T19:30:00+00:00,sell,331.99102,332.769989,-0.235,-1525.79,63502.41,ok
2026-08-12T13:30:00+00:00,2026-08-12T19:30:00+00:00,sell,333.995,327.450012,1.96,12443.97,75946.38,ok
2026-08-13T13:30:00+00:00,2026-08-13T19:30:00+00:00,buy,328.311977,340.070007,3.581,27199.13,103145.5,ok
2026-08-14T13:30:00+00:00,2026-08-14T19:30:00+00:00,buy,343.356977,342.320007,-0.302,-3115.09,100030.42,ok
2026-08-17T13:30:00+00:00,2026-08-17T19:30:00+00:00,sell,339.667932,339.339996,0.097,965.75,100996.17,ok
2026-08-18T13:30:00+00:00,2026-08-18T19:30:00+00:00,buy,334.181553,336.88501,0.809,8170.37,109166.54,ok
2026-08-19T13:30:00+00:00,2026-08-19T19:30:00+00:00,buy,339.921714,351.110107,3.291,35931.75,145098.3,ok
2026-08-20T13:30:00+00:00,2026-08-20T19:30:00+00:00,sell,344.852345,345.279999,-0.124,-1799.37,143298.92,ok
2026-08-21T13:30:00+00:00,2026-08-21T19:30:00+00:00,buy,350.80427,362.880005,3.442,49327.79,192626.71,ok
2026-08-24T13:30:00+00:00,2026-08-24T19:30:00+00:00,sell,360.66475,348.940002,3.251,62620.47,255247.18,ok
2026-08-25T13:30:00+00:00,2026-08-25T19:30:00+00:00,buy,350.678895,350.140015,-0.154,-3922.32,251324.86,ok
2026-08-26T13:30:00+00:00,2026-08-26T19:30:00+00:00,buy,346.28575,345.880005,-0.117,-2944.79,248380.07,ok
2026-08-27T13:30:00+00:00,2026-08-27T19:30:00+00:00,buy,347.338888,354.589996,2.088,51852.27,300232.34,ok
2026-08-28T13:30:00+00:00,2026-08-28T19:30:00+00:00,sell,356.023716,348.76001,2.04,61254.33,361486.67,ok
2026-08-31T13:30:00+00:00,2026-08-31T19:30:00+00:00,buy,348.191444,367.920013,5.666,204818.79,566305.46,ok
2026-09-01T13:30:00+00:00,2026-09-01T19:30:00+00:00,sell,359.772446,356.119995,1.015,57491.98,623797.43,ok
2026-09-02T13:30:00+00:00,2026-09-02T19:30:00+00:00,sell,359.528155,356.98999,0.706,44038.3,667835.73,ok
2026-09-03T13:30:00+00:00,2026-09-03T19:30:00+00:00,buy,367.012754,376.355011,2.545,169996.63,837832.36,ok
2026-09-04T13:30:00+00:00,2026-09-04T19:30:00+00:00,sell,361.093453,353.94989,1.978,165749.56,1003581.92,ok
2026-09-08T13:30:00+00:00,2026-09-08T19:30:00+00:00,buy,358.341799,368.040009,2.706,271610.74,1275192.67,ok
2026-09-09T13:30:00+00:00,2026-09-09T19:30:00+00:00,buy,369.460076,367.799988,-0.449,-57297.99,1217894.67,ok
2026-09-10T13:30:00+00:00,2026-09-10T19:30:00+00:00,buy,361.481194,363.609985,0.589,71722.77,1289617.44,ok
2026-09-11T13:30:00+00:00,2026-09-11T19:30:00+00:00,buy,365.232435,365.470001,0.065,8388.37,1298005.82,ok
2026-09-14T13:30:00+00:00,2026-09-14T19:30:00+00:00,buy,361.029862,358.970001,-0.571,-74057.91,1223947.91,ok
2026-09-15T13:30:00+00:00,2026-09-15T19:30:00+00:00,sell,357.648831,356.640015,0.282,34523.76,1258471.67,ok
2026-09-16T13:30:00+00:00,2026-09-16T19:30:00+00:00,buy,358.783121,358.130005,-0.182,-22908.8,1235562.86,ok
2026-09-17T13:30:00+00:00,2026-09-17T19:30:00+00:00,sell,367.893,366.040009,0.504,62232.41,1297795.28,ok
2026-09-18T13:30:00+00:00,2026-09-18T19:30:00+00:00,sell,368.172159,364.230011,1.071,138959.48,1436754.75,ok
2026-09-21T13:30:00+00:00,2026-09-21T19:30:00+00:00,buy,372.754935,375.320007,0.688,98868.73,1535623.49,ok
2026-09-22T13:30:00+00:00,2026-09-22T19:30:00+00:00,sell,377.931793,378.859985,-0.246,-37714.57,1497908.92,ok
2026-09-23T13:30:00+00:00,2026-09-23T19:30:00+00:00,buy,381.074803,380.23999,-0.219,-32814.35,1465094.56,ok
2026-09-24T13:30:00+00:00,2026-09-24T19:30:00+00:00,buy,377.990565,377.910004,-0.021,-3122.59,1461971.97,ok
2026-09-25T13:30:00+00:00,2026-09-25T19:30:00+00:00,sell,383.74429,372.079987,3.04,444381.44,1906353.42,ok
