side,entry_time,exit_time,reason,entry,exit,pnl
sell,2026-08-28T07:05:00+00:00,2026-08-28T07:35:00+00:00,time,4657.2999,4663.6,-6.3001
sell,2026-08-28T07:05:00+00:00,2026-08-28T07:35:00+00:00,time,4655.2999,4663.6,-8.3001
sell,2026-08-28T07:05:00+00:00,2026-08-28T07:35:00+00:00,time,4653.2999,4663.6,-10.3001
sell,2026-08-28T07:10:00+00:00,2026-08-28T07:35:00+00:00,time,4651.2999,4663.6,-12.3001
sell,2026-08-28T07:10:00+00:00,2026-08-28T07:35:00+00:00,time,4649.2999,4663.6,-14.3001
buy,2026-08-31T07:25:00+00:00,2026-08-31T07:55:00+00:00,time,4497.3002,4493.1998,-4.10039
sell,2026-09-01T07:30:00+00:00,2026-09-01T08:00:00+00:00,time,4470.0001,4459.9999,10.0002
sell,2026-09-01T07:30:00+00:00,2026-09-01T08:00:00+00:00,time,4468.0001,4459.9999,8.0002
sell,2026-09-01T07:35:00+00:00,2026-09-01T08:00:00+00:00,time,4466.0001,4459.9999,6.0002
sell,2026-09-01T07:35:00+00:00,2026-09-01T08:00:00+00:00,time,4464.0001,4459.9999,4.0002
sell,2026-09-01T07:35:00+00:00,2026-09-01T08:00:00+00:00,time,4462.0001,4459.9999,2.0002
sell,2026-09-01T08:00:00+00:00,2026-09-01T08:00:00+00:00,time,4460.0001,4459.9999,0.0002
buy,2026-09-02T07:10:00+00:00,2026-09-02T07:40:00+00:00,time,4376.4999,4369.0001,-7.4998
buy,2026-09-03T07:00:00+00:00,2026-09-03T07:30:00+00:00,time,4474.1,4473.4,-0.7
buy,2026-09-03T07:00:00+00:00,2026-09-03T07:30:00+00:00,time,4476.1,4473.4,-2.7
buy,2026-09-04T07:10:00+00:00,2026-09-04T07:40:00+00:00,time,4517.3998,4532.4,15.0002
buy,2026-09-04T07:25:00+00:00,2026-09-04T07:40:00+00:00,time,4519.3998,4532.4,13.0002
buy,2026-09-04T07:30:00+00:00,2026-09-04T07:40:00+00:00,time,4521.3998,4532.4,11.0002
buy,2026-09-04T07:35:00+00:00,2026-09-04T07:40:00+00:00,time,4523.3998,4532.4,9.0002
buy,2026-09-04T07:40:00+00:00,2026-09-04T07:40:00+00:00,time,4525.3998,4532.4,7.0002
buy,2026-09-04T07:40:00+00:00,2026-09-04T07:40:00+00:00,time,4527.3998,4532.4,5.0002
buy,2026-09-04T07:40:00+00:00,2026-09-04T07:40:00+00:00,time,4529.3998,4532.4,3.0002
buy,2026-09-04T07:40:00+00:00,2026-09-04T07:40:00+00:00,time,4531.3998,4532.4,1.0002
buy,2026-09-04T07:40:00+00:00,2026-09-04T07:40:00+00:00,time,4533.3998,4532.4,-0.9998
sell,2026-09-08T07:35:00+00:00,2026-09-08T08:05:00+00:00,time,4440.5001,4432.3998,8.10029
sell,2026-09-08T07:35:00+00:00,2026-09-08T08:05:00+00:00,time,4438.5001,4432.3998,6.10029
sell,2026-09-08T07:35:00+00:00,2026-09-08T08:05:00+00:00,time,4436.5001,4432.3998,4.10029
sell,2026-09-08T07:50:00+00:00,2026-09-08T08:05:00+00:00,time,4434.5001,4432.3998,2.10029
sell,2026-09-08T08:05:00+00:00,2026-09-08T08:05:00+00:00,time,4432.5001,4432.3998,0.10029
buy,2026-09-09T07:25:00+00:00,2026-09-09T07:55:00+00:00,time,4452.4999,4452.7999,0.3
buy,2026-09-09T07:45:00+00:00,2026-09-09T07:55:00+00:00,time,4454.4999,4452.7999,-1.7
sell,2026-09-10T07:00:00+00:00,2026-09-10T07:30:00+00:00,time,4460.9,4447.8998,13.0002
sell,2026-09-10T07:00:00+00:00,2026-09-10T07:30:00+00:00,time,4458.9,4447.8998,11.0002
sell,2026-09-10T07:10:00+00:00,2026-09-10T07:30:00+00:00,time,4456.9,4447.8998,9.0002
sell,2026-09-10T07:20:00+00:00,2026-09-10T07:30:00+00:00,time,4454.9,4447.8998,7.0002
sell,2026-09-10T07:25:00+00:00,2026-09-10T07:30:00+00:00,time,4452.9,4447.8998,5.0002
sell,2026-09-10T07:30:00+00:00,2026-09-10T07:30:00+00:00,time,4450.9,4447.8998,3.0002
sell,2026-09-10T07:30:00+00:00,2026-09-10T07:30:00+00:00,time,4448.9,4447.8998,1.0002
sell,2026-09-11T07:30:00+00:00,2026-09-11T08:00:00+00:00,time,4386.1002,4385.9999,0.10029
sell,2026-09-11T07:45:00+00:00,2026-09-11T08:00:00+00:00,time,4384.1002,4385.9999,-1.89971
sell,2026-09-11T07:50:00+00:00,2026-09-11T08:00:00+00:00,time,4382.1002,4385.9999,-3.89971
sell,2026-09-14T07:50:00+00:00,2026-09-14T08:20:00+00:00,time,4354.2999,4353.6,0.6999
sell,2026-09-14T07:50:00+00:00,2026-09-14T08:20:00+00:00,time,4352.2999,4353.6,-1.3001
sell,2026-09-14T07:55:00+00:00,2026-09-14T08:20:00+00:00,time,4350.2999,4353.6,-3.3001
sell,2026-09-14T07:55:00+00:00,2026-09-14T08:20:00+00:00,time,4348.2999,4353.6,-5.3001
sell,2026-09-15T07:35:00+00:00,2026-09-15T08:05:00+00:00,time,4325.4,4305.6,19.8
sell,2026-09-15T07:40:00+00:00,2026-09-15T08:05:00+00:00,time,4323.4,4305.6,17.8
sell,2026-09-15T07:40:00+00:00,2026-09-15T08:05:00+00:00,time,4321.4,4305.6,15.8
sell,2026-09-15T07:50:00+00:00,2026-09-15T08:05:00+00:00,time,4319.4,4305.6,13.8
sell,2026-09-15T07:50:00+00:00,2026-09-15T08:05:00+00:00,time,4317.4,4305.6,11.8
sell,2026-09-15T08:00:00+00:00,2026-09-15T08:05:00+00:00,time,4315.4,4305.6,9.8
sell,2026-09-15T08:00:00+00:00,2026-09-15T08:05:00+00:00,time,4313.4,4305.6,7.8
sell,2026-09-15T08:00:00+00:00,2026-09-15T08:05:00+00:00,time,4311.4,4305.6,5.8
sell,2026-09-15T08:00:00+00:00,2026-09-15T08:05:00+00:00,time,4309.4,4305.6,3.8
sell,2026-09-15T08:00:00+00:00,2026-09-15T08:05:00+00:00,time,4307.4,4305.6,1.8
sell,2026-09-16T08:00:00+00:00,2026-09-16T08:30:00+00:00,time,4364.6002,4368.8998,-4.29961
sell,2026-09-16T08:10:00+00:00,2026-09-16T08:30:00+00:00,time,4362.6002,4368.8998,-6.29961
buy,2026-09-17T07:10:00+00:00,2026-09-17T07:40:00+00:00,time,4357.4999,4370.2999,12.8
buy,2026-09-17T07:10:00+00:00,2026-09-17T07:40:00+00:00,time,4359.4999,4370.2999,10.8
buy,2026-09-17T07:10:00+00:00,2026-09-17T07:40:00+00:00,time,4361.4999,4370.2999,8.8
buy,2026-09-17T07:15:00+00:00,2026-09-17T07:40:00+00:00,time,4363.4999,4370.2999,6.8
buy,2026-09-17T07:15:00+00:00,2026-09-17T07:40:00+00:00,time,4365.4999,4370.2999,4.8
buy,2026-09-17T07:15:00+00:00,2026-09-17T07:40:00+00:00,time,4367.4999,4370.2999,2.8
buy,2026-09-17T07:30:00+00:00,2026-09-17T07:40:00+00:00,time,4369.4999,4370.2999,0.8
buy,2026-09-17T07:30:00+00:00,2026-09-17T07:40:00+00:00,time,4371.4999,4370.2999,-1.2
buy,2026-09-17T07:30:00+00:00,2026-09-17T07:40:00+00:00,time,4373.4999,4370.2999,-3.2
sell,2026-09-18T08:40:00+00:00,2026-09-18T08:40:00+00:00,time,4425.1002,4426.6,-1.4998
sell,2026-09-21T07:40:00+00:00,2026-09-21T08:10:00+00:00,time,4382.6998,4388.3002,-5.60039
sell,2026-09-21T07:40:00+00:00,2026-09-21T08:10:00+00:00,time,4380.6998,4388.3002,-7.60039
sell,2026-09-22T07:30:00+00:00,2026-09-22T08:00:00+00:00,time,4346.1998,4341.4999,4.6999
sell,2026-09-22T07:50:00+00:00,2026-09-22T08:00:00+00:00,time,4344.1998,4341.4999,2.6999
sell,2026-09-22T07:50:00+00:00,2026-09-22T08:00:00+00:00,time,4342.1998,4341.4999,0.6999
sell,2026-09-22T07:50:00+00:00,2026-09-22T08:00:00+00:00,time,4340.1998,4341.4999,-1.3001
sell,2026-09-22T07:50:00+00:00,2026-09-22T08:00:00+00:00,time,4338.1998,4341.4999,-3.3001
sell,2026-09-22T07:55:00+00:00,2026-09-22T08:00:00+00:00,time,4336.1998,4341.4999,-5.3001
sell,2026-09-23T07:25:00+00:00,2026-09-23T07:55:00+00:00,time,4359.6998,4356.3002,3.39961
sell,2026-09-23T07:30:00+00:00,2026-09-23T07:55:00+00:00,time,4357.6998,4356.3002,1.39961
sell,2026-09-23T07:55:00+00:00,2026-09-23T07:55:00+00:00,time,4355.6998,4356.3002,-0.60039
buy,2026-09-24T07:05:00+00:00,2026-09-24T07:35:00+00:00,time,4319.3002,4319.5001,0.1999
buy,2026-09-24T07:15:00+00:00,2026-09-24T07:35:00+00:00,time,4321.3002,4319.5001,-1.8001
buy,2026-09-25T08:15:00+00:00,2026-09-25T08:40:00+00:00,time,4318.9999,4327.4,8.4001
buy,2026-09-25T08:30:00+00:00,2026-09-25T08:40:00+00:00,time,4320.9999,4327.4,6.4001
buy,2026-09-25T08:30:00+00:00,2026-09-25T08:40:00+00:00,time,4322.9999,4327.4,4.4001
buy,2026-09-25T08:40:00+00:00,2026-09-25T08:40:00+00:00,time,4324.9999,4327.4,2.4001
buy,2026-09-25T08:40:00+00:00,2026-09-25T08:40:00+00:00,time,4326.9999,4327.4,0.4001
