side,signal_time,entry_time,exit_time,entry,stop,target,exit,bars_held,reason,pnl,r_multiple,signal_high,prev_high,prev_low,signal_close
sell,2026-08-28T05:00:00+00:00,2026-08-28T06:00:00+00:00,2026-08-28T06:00:00+00:00,4625.5502,4640.1001,4581.90049,4640.1001,1,stop,-14.5499,-1.0,4638.6001,4637.5,4630.0,4625.5
sell,2026-08-28T14:00:00+00:00,2026-08-28T15:00:00+00:00,2026-08-31T02:00:00+00:00,4629.1498,4689.5,4448.09922,4448.09922,11,target,181.05059,3.0,4688.0,4680.7998,4645.8999,4629.0
sell,2026-09-01T16:00:00+00:00,2026-09-01T17:00:00+00:00,2026-09-02T13:00:00+00:00,4399.6498,4424.7998,4324.1998,4399.6498,20,be,0.0,0.0,4423.2998,4422.7002,4403.3999,4399.6001
sell,2026-09-04T12:00:00+00:00,2026-09-04T13:00:00+00:00,2026-09-08T19:00:00+00:00,4440.7499,4525.0,4187.99961,4404.65,24,time,36.0999,0.4285,4523.5,4519.2998,4510.8999,4440.6001
sell,2026-09-08T23:00:00+00:00,2026-09-09T00:00:00+00:00,2026-09-09T00:00:00+00:00,4393.1498,4404.8999,4357.89951,4404.8999,1,stop,-11.7501,-1.0,4403.3999,4403.0,4393.7002,4393.1001
sell,2026-09-10T10:00:00+00:00,2026-09-10T11:00:00+00:00,2026-09-11T03:00:00+00:00,4420.9501,4444.2998,4350.90098,4350.90098,16,target,70.04912,3.0,4442.7998,4439.5,4431.0,4421.3999
sell,2026-09-14T06:00:00+00:00,2026-09-14T07:00:00+00:00,2026-09-14T12:00:00+00:00,4362.2499,4380.7998,4306.6002,4306.6002,6,target,55.64971,3.0,4379.2998,4378.1001,4363.5,4362.5
sell,2026-09-14T12:00:00+00:00,2026-09-14T13:00:00+00:00,2026-09-14T15:00:00+00:00,4311.0502,4339.2002,4226.6002,4339.2002,3,stop,-28.15,-1.0,4337.7002,4337.1001,4324.1001,4310.7998
sell,2026-09-15T07:00:00+00:00,2026-09-15T08:00:00+00:00,2026-09-15T08:00:00+00:00,4320.6498,4337.2002,4270.99863,4320.6498,1,be,0.0,0.0,4335.7002,4335.2998,4325.8999,4320.7002
sell,2026-09-15T14:00:00+00:00,2026-09-15T15:00:00+00:00,2026-09-15T18:00:00+00:00,4316.7499,4342.2002,4240.39902,4342.2002,4,stop,-25.45029,-1.0,4340.7002,4338.5,4323.2998,4316.7998
sell,2026-09-15T22:00:00+00:00,2026-09-15T23:00:00+00:00,2026-09-16T01:00:00+00:00,4328.9501,4341.0,4292.80039,4328.9501,3,be,0.0,0.0,4339.5,4338.7998,4331.6001,4329.2002
sell,2026-09-21T07:00:00+00:00,2026-09-21T08:00:00+00:00,2026-09-21T08:00:00+00:00,4381.35,4395.2002,4339.79941,4395.2002,1,stop,-13.8502,-1.0,4393.7002,4393.1001,4383.5,4381.6001
sell,2026-09-22T05:00:00+00:00,2026-09-22T06:00:00+00:00,2026-09-22T08:00:00+00:00,4360.2499,4385.7002,4283.89902,4360.2499,3,be,0.0,0.0,4384.2002,4379.7998,4371.3999,4360.2998
sell,2026-09-24T01:00:00+00:00,2026-09-24T02:00:00+00:00,2026-09-24T12:00:00+00:00,4313.85,4339.5,4236.9,4313.85,11,be,0.0,0.0,4338.0,4334.6001,4319.0,4314.7998
