time_utc,open,high,low,close,volume
2026-08-27T04:00:00+00:00,4679.70020,4681.79980,4671.39990,4673.00000,0.0000
2026-08-27T05:00:00+00:00,4673.29980,4675.79980,4655.00000,4661.20020,6017.0000
2026-08-27T06:00:00+00:00,4661.00000,4665.70020,4651.70020,4654.29980,6886.0000
2026-08-27T07:00:00+00:00,4654.29980,4659.70020,4647.20020,4653.39990,4945.0000
2026-08-27T08:00:00+00:00,4654.00000,4660.50000,4647.89990,4652.29980,3555.0000
2026-08-27T09:00:00+00:00,4652.29980,4653.79980,4631.00000,4633.20020,8946.0000
2026-08-27T10:00:00+00:00,4632.89990,4643.60010,4618.89990,4643.00000,7616.0000
2026-08-27T11:00:00+00:00,4643.10010,4653.70020,4640.20020,4652.29980,6869.0000
2026-08-27T12:00:00+00:00,4652.00000,4654.70020,4633.70020,4639.29980,8105.0000
2026-08-27T13:00:00+00:00,4639.20020,4646.39990,4616.00000,4625.89990,14123.0000
2026-08-27T14:00:00+00:00,4625.60010,4652.00000,4621.70020,4645.10010,13769.0000
2026-08-27T15:00:00+00:00,4645.00000,4665.50000,4642.70020,4664.50000,7897.0000
2026-08-27T16:00:00+00:00,4664.70020,4670.89990,4656.50000,4669.29980,6571.0000
2026-08-27T17:00:00+00:00,4669.20020,4670.70020,4659.10010,4660.39990,4833.0000
2026-08-27T18:00:00+00:00,4660.60010,4665.20020,4654.70020,4664.29980,3361.0000
2026-08-27T19:00:00+00:00,4664.70020,4672.39990,4658.29980,4662.70020,3927.0000
2026-08-27T20:00:00+00:00,4662.79980,4663.60010,4653.79980,4654.79980,1264.0000
2026-08-27T22:00:00+00:00,4656.00000,4664.10010,4653.89990,4664.10010,0.0000
2026-08-27T23:00:00+00:00,4664.00000,4664.79980,4647.29980,4647.60010,2426.0000
2026-08-28T00:00:00+00:00,4647.79980,4655.70020,4638.50000,4641.20020,2843.0000
2026-08-28T01:00:00+00:00,4642.39990,4655.39990,4628.10010,4628.89990,5299.0000
2026-08-28T02:00:00+00:00,4628.60010,4642.39990,4628.00000,4638.89990,2512.0000
2026-08-28T03:00:00+00:00,4638.70020,4642.29980,4630.89990,4631.39990,1786.0000
2026-08-28T04:00:00+00:00,4632.29980,4637.50000,4630.00000,4636.39990,1614.0000
2026-08-28T05:00:00+00:00,4636.70020,4638.60010,4623.00000,4625.50000,2952.0000
2026-08-28T06:00:00+00:00,4625.70020,4666.20020,4624.50000,4665.50000,6108.0000
2026-08-28T07:00:00+00:00,4665.39990,4667.39990,4648.70020,4665.00000,6239.0000
2026-08-28T08:00:00+00:00,4664.89990,4667.70020,4654.29980,4656.29980,3772.0000
2026-08-28T09:00:00+00:00,4656.39990,4661.39990,4653.50000,4658.70020,2904.0000
2026-08-28T10:00:00+00:00,4658.79980,4663.50000,4650.29980,4653.10010,3350.0000
2026-08-28T11:00:00+00:00,4653.10010,4654.20020,4643.60010,4645.60010,4445.0000
2026-08-28T12:00:00+00:00,4645.60010,4656.39990,4641.20020,4654.10010,6831.0000
2026-08-28T13:00:00+00:00,4654.20020,4680.79980,4645.89990,4657.50000,12968.0000
2026-08-28T14:00:00+00:00,4657.39990,4688.00000,4580.20020,4629.00000,75096.0000
2026-08-28T15:00:00+00:00,4629.29980,4636.10010,4574.79980,4575.70020,34399.0000
2026-08-28T16:00:00+00:00,4575.89990,4580.89990,4515.29980,4529.89990,44119.0000
2026-08-28T17:00:00+00:00,4530.10010,4537.20020,4510.50000,4519.70020,20382.0000
2026-08-28T18:00:00+00:00,4519.70020,4521.89990,4495.00000,4506.50000,15598.0000
2026-08-28T19:00:00+00:00,4506.50000,4517.20020,4502.29980,4507.89990,8303.0000
2026-08-28T20:00:00+00:00,4507.89990,4529.89990,4502.70020,4529.89990,3151.0000
2026-08-30T22:00:00+00:00,4506.29980,4515.89990,4502.20020,4510.89990,4311.0000
2026-08-30T23:00:00+00:00,4510.79980,4516.60010,4485.20020,4507.79980,5649.0000
2026-08-31T00:00:00+00:00,4507.79980,4521.50000,4501.39990,4505.70020,5101.0000
2026-08-31T01:00:00+00:00,4505.79980,4512.39990,4485.00000,4489.60010,10236.0000
2026-08-31T02:00:00+00:00,4489.10010,4490.70020,4445.60010,4472.29980,13543.0000
2026-08-31T03:00:00+00:00,4472.29980,4483.60010,4469.50000,4472.00000,4563.0000
2026-08-31T04:00:00+00:00,4472.29980,4475.00000,4462.50000,4474.60010,3470.0000
2026-08-31T05:00:00+00:00,4474.60010,4493.50000,4469.20020,4492.70020,5005.0000
2026-08-31T06:00:00+00:00,4492.70020,4493.00000,4478.89990,4489.39990,4271.0000
2026-08-31T07:00:00+00:00,4489.20020,4498.50000,4485.00000,4493.29980,4457.0000
2026-08-31T08:00:00+00:00,4493.29980,4499.70020,4483.89990,4485.60010,3387.0000
2026-08-31T09:00:00+00:00,4485.79980,4496.00000,4485.70020,4496.00000,2925.0000
2026-08-31T10:00:00+00:00,4495.89990,4506.70020,4495.20020,4504.50000,3859.0000
2026-08-31T11:00:00+00:00,4504.60010,4514.89990,4503.10010,4506.20020,4497.0000
2026-08-31T12:00:00+00:00,4506.10010,4511.89990,4486.50000,4486.89990,10124.0000
2026-08-31T13:00:00+00:00,4486.70020,4499.50000,4466.39990,4469.10010,15197.0000
2026-08-31T14:00:00+00:00,4469.29980,4487.20020,4466.70020,4481.70020,12556.0000
2026-08-31T15:00:00+00:00,4481.70020,4487.89990,4474.29980,4475.50000,7801.0000
2026-08-31T16:00:00+00:00,4475.89990,4490.29980,4473.00000,4482.60010,6076.0000
2026-08-31T17:00:00+00:00,4482.79980,4489.70020,4477.79980,4485.60010,6513.0000
2026-08-31T18:00:00+00:00,4486.00000,4486.10010,4475.50000,4480.29980,3311.0000
2026-08-31T19:00:00+00:00,4480.70020,4502.70020,4478.39990,4502.00000,6601.0000
2026-08-31T20:00:00+00:00,4502.29980,4504.89990,4495.89990,4497.29980,1759.0000
2026-08-31T22:00:00+00:00,4498.70020,4504.79980,4494.29980,4495.50000,0.0000
2026-08-31T23:00:00+00:00,4495.79980,4501.00000,4490.29980,4501.00000,1701.0000
2026-09-01T00:00:00+00:00,4501.29980,4510.50000,4495.00000,4502.70020,3425.0000
2026-09-01T01:00:00+00:00,4502.60010,4505.89990,4485.20020,4493.10010,3898.0000
2026-09-01T02:00:00+00:00,4492.89990,4498.20020,4477.10010,4492.39990,4700.0000
2026-09-01T03:00:00+00:00,4492.70020,4493.50000,4480.89990,4487.00000,3688.0000
2026-09-01T04:00:00+00:00,4485.70020,4486.70020,4473.89990,4475.20020,3959.0000
2026-09-01T05:00:00+00:00,4475.39990,4494.70020,4471.89990,4489.00000,3790.0000
2026-09-01T06:00:00+00:00,4488.50000,4489.10010,4476.29980,4478.00000,3170.0000
2026-09-01T07:00:00+00:00,4478.10010,4483.60010,4460.50000,4468.70020,7285.0000
2026-09-01T08:00:00+00:00,4468.60010,4468.60010,4417.89990,4419.39990,17854.0000
2026-09-01T09:00:00+00:00,4419.39990,4426.60010,4413.00000,4413.70020,10482.0000
2026-09-01T10:00:00+00:00,4413.70020,4434.60010,4413.00000,4426.89990,7242.0000
2026-09-01T11:00:00+00:00,4427.00000,4435.70020,4420.50000,4422.89990,6382.0000
2026-09-01T12:00:00+00:00,4423.00000,4424.89990,4400.39990,4404.70020,15235.0000
2026-09-01T13:00:00+00:00,4404.60010,4415.89990,4374.10010,4413.89990,31866.0000
2026-09-01T14:00:00+00:00,4414.20020,4424.29980,4401.50000,4408.79980,16929.0000
2026-09-01T15:00:00+00:00,4409.10010,4422.70020,4403.39990,4421.70020,7955.0000
2026-09-01T16:00:00+00:00,4421.60010,4423.29980,4395.39990,4399.60010,11301.0000
2026-09-01T17:00:00+00:00,4399.79980,4400.29980,4389.00000,4391.10010,9910.0000
2026-09-01T18:00:00+00:00,4391.29980,4392.70020,4375.60010,4379.39990,7744.0000
2026-09-01T19:00:00+00:00,4379.10010,4385.20020,4369.70020,4374.00000,7183.0000
2026-09-01T20:00:00+00:00,4374.10010,4377.89990,4370.70020,4375.70020,4548.0000
2026-09-01T22:00:00+00:00,4377.20020,4381.00000,4372.70020,4375.70020,0.0000
2026-09-01T23:00:00+00:00,4375.70020,4382.00000,4367.70020,4370.60010,3362.0000
2026-09-02T00:00:00+00:00,4370.70020,4380.89990,4360.70020,4362.50000,8043.0000
2026-09-02T01:00:00+00:00,4362.10010,4373.50000,4333.89990,4338.10010,13479.0000
2026-09-02T02:00:00+00:00,4337.79980,4362.10010,4334.60010,4350.00000,9310.0000
2026-09-02T03:00:00+00:00,4350.00000,4351.39990,4329.20020,4348.79980,8745.0000
2026-09-02T04:00:00+00:00,4349.89990,4354.39990,4347.79980,4353.70020,2960.0000
2026-09-02T05:00:00+00:00,4353.89990,4373.10010,4350.00000,4366.70020,6139.0000
2026-09-02T06:00:00+00:00,4366.79980,4375.89990,4361.20020,4368.29980,6159.0000
2026-09-02T07:00:00+00:00,4368.39990,4377.79980,4365.79980,4369.79980,4423.0000
2026-09-02T08:00:00+00:00,4370.10010,4378.39990,4359.10010,4359.60010,5127.0000
2026-09-02T09:00:00+00:00,4359.60010,4369.20020,4352.29980,4355.89990,4822.0000
2026-09-02T10:00:00+00:00,4355.89990,4359.79980,4349.10010,4356.60010,3611.0000
2026-09-02T11:00:00+00:00,4356.29980,4380.20020,4354.89990,4379.60010,7567.0000
2026-09-02T12:00:00+00:00,4379.50000,4391.39990,4374.39990,4378.29980,13593.0000
2026-09-02T13:00:00+00:00,4378.29980,4433.50000,4377.50000,4433.00000,27934.0000
2026-09-02T14:00:00+00:00,4432.89990,4444.39990,4421.39990,4424.20020,20892.0000
2026-09-02T15:00:00+00:00,4424.10010,4427.79980,4411.39990,4419.89990,10859.0000
2026-09-02T16:00:00+00:00,4419.70020,4421.70020,4411.10010,4415.10010,5029.0000
2026-09-02T17:00:00+00:00,4415.20020,4427.39990,4411.20020,4423.39990,7180.0000
2026-09-02T18:00:00+00:00,4423.70020,4426.29980,4415.89990,4420.29980,4613.0000
2026-09-02T19:00:00+00:00,4420.79980,4437.89990,4418.29980,4437.70020,4838.0000
2026-09-02T20:00:00+00:00,4437.39990,4438.20020,4430.60010,4434.29980,2245.0000
2026-09-02T22:00:00+00:00,4436.39990,4438.10010,4428.39990,4429.79980,0.0000
2026-09-02T23:00:00+00:00,4430.20020,4434.39990,4426.70020,4431.00000,1695.0000
2026-09-03T00:00:00+00:00,4431.20020,4442.89990,4427.79980,4440.50000,3459.0000
2026-09-03T01:00:00+00:00,4440.79980,4457.60010,4432.20020,4455.00000,9218.0000
2026-09-03T02:00:00+00:00,4455.20020,4466.20020,4452.20020,4466.00000,5977.0000
2026-09-03T03:00:00+00:00,4466.00000,4478.20020,4464.89990,4477.10010,6171.0000
2026-09-03T04:00:00+00:00,4477.29980,4483.89990,4470.79980,4483.00000,5124.0000
2026-09-03T05:00:00+00:00,4483.10010,4486.00000,4468.20020,4477.00000,8903.0000
2026-09-03T06:00:00+00:00,4477.00000,4482.20020,4462.79980,4466.39990,7623.0000
2026-09-03T07:00:00+00:00,4466.00000,4477.50000,4464.60010,4474.70020,6351.0000
2026-09-03T08:00:00+00:00,4474.50000,4490.00000,4473.60010,4481.10010,9719.0000
2026-09-03T09:00:00+00:00,4481.29980,4488.20020,4472.00000,4473.89990,7610.0000
2026-09-03T10:00:00+00:00,4474.10010,4476.10010,4464.89990,4473.20020,4737.0000
2026-09-03T11:00:00+00:00,4473.10010,4493.39990,4471.10010,4490.20020,6932.0000
2026-09-03T12:00:00+00:00,4490.00000,4542.60010,4484.10010,4540.89990,27504.0000
2026-09-03T13:00:00+00:00,4540.89990,4543.70020,4502.79980,4517.10010,25953.0000
2026-09-03T14:00:00+00:00,4517.10010,4531.89990,4502.89990,4531.89990,16310.0000
2026-09-03T15:00:00+00:00,4532.00000,4558.50000,4530.89990,4540.79980,21907.0000
2026-09-03T16:00:00+00:00,4540.70020,4543.39990,4533.00000,4533.70020,5945.0000
2026-09-03T17:00:00+00:00,4533.89990,4542.00000,4530.60010,4535.70020,7442.0000
2026-09-03T18:00:00+00:00,4534.60010,4537.10010,4521.20020,4522.89990,6450.0000
2026-09-03T19:00:00+00:00,4522.79980,4528.70020,4520.29980,4522.89990,4938.0000
2026-09-03T20:00:00+00:00,4522.70020,4523.29980,4517.70020,4520.00000,1728.0000
2026-09-03T21:00:00+00:00,4520.29980,4520.29980,4520.29980,4520.29980,1.0000
2026-09-03T22:00:00+00:00,4522.00000,4526.29980,4518.50000,4521.60010,0.0000
2026-09-03T23:00:00+00:00,4521.50000,4527.20020,4519.00000,4526.89990,2361.0000
2026-09-04T00:00:00+00:00,4527.00000,4533.50000,4519.29980,4532.89990,2941.0000
2026-09-04T01:00:00+00:00,4532.60010,4533.60010,4513.00000,4525.20020,5656.0000
2026-09-04T02:00:00+00:00,4525.29980,4528.89990,4516.29980,4523.79980,3537.0000
2026-09-04T03:00:00+00:00,4523.50000,4525.00000,4513.60010,4513.79980,1781.0000
2026-09-04T04:00:00+00:00,4513.10010,4521.50000,4511.60010,4520.39990,2177.0000
2026-09-04T05:00:00+00:00,4520.29980,4523.89990,4512.79980,4518.20020,4261.0000
2026-09-04T06:00:00+00:00,4518.10010,4519.50000,4506.60010,4509.50000,4647.0000
2026-09-04T07:00:00+00:00,4509.29980,4537.79980,4508.00000,4530.29980,7045.0000
2026-09-04T08:00:00+00:00,4530.39990,4533.60010,4521.00000,4524.29980,3787.0000
2026-09-04T09:00:00+00:00,4524.50000,4525.70020,4510.00000,4511.79980,4836.0000
2026-09-04T10:00:00+00:00,4511.70020,4523.10010,4511.60010,4518.89990,2424.0000
2026-09-04T11:00:00+00:00,4519.20020,4519.29980,4510.89990,4513.10010,3470.0000
2026-09-04T12:00:00+00:00,4513.29980,4523.50000,4419.00000,4440.60010,45018.0000
2026-09-04T13:00:00+00:00,4440.89990,4481.79980,4412.00000,4459.89990,32312.0000
2026-09-04T14:00:00+00:00,4460.00000,4489.39990,4458.79980,4474.29980,17547.0000
2026-09-04T15:00:00+00:00,4474.39990,4496.20020,4469.50000,4483.29980,11986.0000
2026-09-04T16:00:00+00:00,4483.79980,4491.00000,4479.50000,4483.60010,6089.0000
2026-09-04T17:00:00+00:00,4483.50000,4488.00000,4461.10010,4464.00000,9254.0000
2026-09-04T18:00:00+00:00,4464.70020,4474.50000,4459.00000,4471.29980,5254.0000
2026-09-04T19:00:00+00:00,4471.60010,4485.60010,4470.00000,4482.00000,4751.0000
2026-09-04T20:00:00+00:00,4481.79980,4482.29980,4475.60010,4476.60010,1799.0000
2026-09-08T04:00:00+00:00,4483.50000,4488.79980,4477.00000,4481.60010,2902.0000
2026-09-08T05:00:00+00:00,4481.70020,4483.39990,4462.10010,4464.39990,4160.0000
2026-09-08T06:00:00+00:00,4464.39990,4465.10010,4442.60010,4448.29980,6730.0000
2026-09-08T07:00:00+00:00,4448.60010,4454.00000,4434.29980,4436.70020,5481.0000
2026-09-08T08:00:00+00:00,4436.60010,4443.00000,4432.00000,4438.50000,4596.0000
2026-09-08T09:00:00+00:00,4438.00000,4450.10010,4435.00000,4447.20020,4513.0000
2026-09-08T10:00:00+00:00,4447.29980,4451.60010,4438.00000,4439.89990,4436.0000
2026-09-08T11:00:00+00:00,4440.20020,4452.39990,4435.50000,4450.89990,4220.0000
2026-09-08T12:00:00+00:00,4450.89990,4456.29980,4429.50000,4456.10010,12623.0000
2026-09-08T13:00:00+00:00,4456.29980,4457.89990,4434.70020,4440.29980,11000.0000
2026-09-08T14:00:00+00:00,4440.29980,4449.00000,4433.70020,4443.39990,10330.0000
2026-09-08T15:00:00+00:00,4443.79980,4454.50000,4439.79980,4439.79980,8727.0000
2026-09-08T16:00:00+00:00,4440.00000,4443.39990,4425.10010,4438.29980,10812.0000
2026-09-08T17:00:00+00:00,4438.39990,4448.60010,4429.50000,4434.29980,7413.0000
2026-09-08T18:00:00+00:00,4434.50000,4434.70020,4402.39990,4420.10010,11894.0000
2026-09-08T19:00:00+00:00,4420.20020,4421.79980,4401.10010,4404.50000,7790.0000
2026-09-08T20:00:00+00:00,4404.10010,4409.50000,4381.00000,4400.00000,5404.0000
2026-09-08T22:00:00+00:00,4399.00000,4403.00000,4393.70020,4397.39990,0.0000
2026-09-08T23:00:00+00:00,4397.39990,4403.39990,4392.39990,4393.10010,2299.0000
2026-09-09T00:00:00+00:00,4393.29980,4409.50000,4384.10010,4408.79980,4921.0000
2026-09-09T01:00:00+00:00,4408.60010,4422.00000,4397.79980,4417.70020,6680.0000
2026-09-09T02:00:00+00:00,4417.29980,4428.39990,4411.00000,4426.00000,2862.0000
2026-09-09T03:00:00+00:00,4426.20020,4426.60010,4419.20020,4420.39990,1546.0000
2026-09-09T04:00:00+00:00,4418.70020,4426.20020,4414.20020,4425.29980,2158.0000
2026-09-09T05:00:00+00:00,4425.39990,4444.60010,4423.89990,4442.29980,7270.0000
2026-09-09T06:00:00+00:00,4442.39990,4449.89990,4438.60010,4444.70020,6619.0000
2026-09-09T07:00:00+00:00,4444.39990,4456.29980,4443.00000,4452.89990,5989.0000
2026-09-09T08:00:00+00:00,4452.79980,4455.39990,4442.60010,4444.60010,4870.0000
2026-09-09T09:00:00+00:00,4444.79980,4446.29980,4432.50000,4434.60010,4501.0000
2026-09-09T10:00:00+00:00,4434.50000,4447.00000,4430.00000,4442.89990,5078.0000
2026-09-09T11:00:00+00:00,4443.29980,4459.89990,4443.20020,4451.60010,6612.0000
2026-09-09T12:00:00+00:00,4451.50000,4453.60010,4435.20020,4444.39990,7810.0000
2026-09-09T13:00:00+00:00,4444.20020,4479.00000,4442.79980,4459.29980,19110.0000
2026-09-09T14:00:00+00:00,4459.20020,4473.00000,4453.60010,4463.20020,12762.0000
2026-09-09T15:00:00+00:00,4463.39990,4477.00000,4419.29980,4442.70020,31469.0000
2026-09-09T16:00:00+00:00,4442.89990,4455.39990,4435.79980,4454.39990,7175.0000
2026-09-09T17:00:00+00:00,4454.50000,4465.60010,4453.79980,4461.20020,8029.0000
2026-09-09T18:00:00+00:00,4461.39990,4466.70020,4446.50000,4448.20020,5805.0000
2026-09-09T19:00:00+00:00,4448.20020,4450.39990,4441.10010,4444.39990,4183.0000
2026-09-09T20:00:00+00:00,4444.20020,4448.10010,4438.89990,4447.20020,1856.0000
2026-09-09T22:00:00+00:00,4448.00000,4450.39990,4442.00000,4443.89990,0.0000
2026-09-09T23:00:00+00:00,4444.00000,4447.50000,4436.70020,4437.50000,3724.0000
2026-09-10T00:00:00+00:00,4437.70020,4448.39990,4433.20020,4444.50000,2991.0000
2026-09-10T01:00:00+00:00,4444.29980,4462.50000,4443.50000,4455.20020,4763.0000
2026-09-10T02:00:00+00:00,4455.20020,4464.39990,4451.29980,4462.70020,4640.0000
2026-09-10T03:00:00+00:00,4462.70020,4464.50000,4449.89990,4451.89990,2088.0000
2026-09-10T04:00:00+00:00,4452.39990,4458.39990,4448.39990,4451.39990,1681.0000
2026-09-10T05:00:00+00:00,4451.20020,4475.10010,4451.10010,4475.00000,5606.0000
2026-09-10T06:00:00+00:00,4475.10010,4479.89990,4454.39990,4469.29980,9653.0000
2026-09-10T07:00:00+00:00,4469.00000,4469.50000,4447.50000,4454.89990,7602.0000
2026-09-10T08:00:00+00:00,4454.70020,4455.70020,4435.00000,4437.79980,6197.0000
2026-09-10T09:00:00+00:00,4437.79980,4439.50000,4431.00000,4437.00000,4074.0000
2026-09-10T10:00:00+00:00,4436.89990,4442.79980,4417.00000,4421.39990,8887.0000
2026-09-10T11:00:00+00:00,4421.10010,4433.10010,4415.10010,4416.70020,5906.0000
2026-09-10T12:00:00+00:00,4416.79980,4419.89990,4365.39990,4381.79980,31855.0000
2026-09-10T13:00:00+00:00,4382.10010,4418.10010,4380.39990,4408.50000,23981.0000
2026-09-10T14:00:00+00:00,4408.29980,4419.10010,4396.39990,4400.10010,17514.0000
2026-09-10T15:00:00+00:00,4400.39990,4414.10010,4394.60010,4407.79980,8371.0000
2026-09-10T16:00:00+00:00,4408.10010,4412.00000,4395.50000,4406.39990,8585.0000
2026-09-10T17:00:00+00:00,4406.20020,4410.50000,4392.70020,4394.20020,8106.0000
2026-09-10T18:00:00+00:00,4394.39990,4397.79980,4371.29980,4374.39990,11936.0000
2026-09-10T19:00:00+00:00,4374.00000,4374.00000,4354.70020,4365.70020,10829.0000
2026-09-10T20:00:00+00:00,4365.50000,4365.70020,4355.89990,4358.50000,2651.0000
2026-09-10T22:00:00+00:00,4359.39990,4365.79980,4354.00000,4358.79980,0.0000
2026-09-10T23:00:00+00:00,4358.70020,4361.00000,4351.29980,4354.50000,1750.0000
2026-09-11T00:00:00+00:00,4355.50000,4374.10010,4353.20020,4372.20020,3434.0000
2026-09-11T01:00:00+00:00,4372.29980,4380.70020,4361.00000,4369.10010,6716.0000
2026-09-11T02:00:00+00:00,4369.50000,4374.50000,4356.20020,4363.20020,4849.0000
2026-09-11T03:00:00+00:00,4362.70020,4366.79980,4341.39990,4345.00000,5825.0000
2026-09-11T04:00:00+00:00,4344.20020,4375.60010,4342.39990,4372.10010,5520.0000
2026-09-11T05:00:00+00:00,4372.39990,4392.50000,4368.89990,4386.60010,5097.0000
2026-09-11T06:00:00+00:00,4386.79980,4402.00000,4386.29980,4394.79980,5934.0000
2026-09-11T07:00:00+00:00,4394.20020,4397.29980,4381.70020,4386.10010,3220.0000
2026-09-11T08:00:00+00:00,4386.29980,4399.29980,4383.00000,4388.70020,5735.0000
2026-09-11T09:00:00+00:00,4388.89990,4395.39990,4382.50000,4388.20020,3322.0000
2026-09-11T10:00:00+00:00,4388.29980,4392.00000,4378.50000,4379.39990,4631.0000
2026-09-11T11:00:00+00:00,4379.29980,4384.60010,4372.10010,4375.00000,4812.0000
2026-09-11T12:00:00+00:00,4375.29980,4432.60010,4333.00000,4430.29980,37113.0000
2026-09-11T13:00:00+00:00,4430.50000,4444.89990,4421.89990,4443.89990,25946.0000
2026-09-11T14:00:00+00:00,4443.70020,4444.89990,4406.29980,4412.50000,18183.0000
2026-09-11T15:00:00+00:00,4412.50000,4418.70020,4401.00000,4408.60010,10752.0000
2026-09-11T16:00:00+00:00,4408.60010,4414.39990,4393.29980,4403.79980,10143.0000
2026-09-11T17:00:00+00:00,4403.70020,4412.70020,4400.00000,4400.60010,7756.0000
2026-09-11T18:00:00+00:00,4400.50000,4402.39990,4385.79980,4389.10010,6728.0000
2026-09-11T19:00:00+00:00,4389.29980,4395.79980,4384.89990,4391.00000,4704.0000
2026-09-11T20:00:00+00:00,4391.00000,4408.89990,4387.29980,4408.89990,1499.0000
2026-09-13T22:00:00+00:00,4371.89990,4380.89990,4368.60010,4378.39990,2929.0000
2026-09-13T23:00:00+00:00,4378.60010,4383.00000,4372.60010,4373.29980,1603.0000
2026-09-14T00:00:00+00:00,4373.29980,4388.79980,4370.89990,4379.60010,3450.0000
2026-09-14T01:00:00+00:00,4379.70020,4396.50000,4367.10010,4394.50000,6361.0000
2026-09-14T02:00:00+00:00,4394.39990,4396.79980,4371.10010,4371.79980,3943.0000
2026-09-14T03:00:00+00:00,4371.50000,4377.10010,4367.20020,4370.60010,3180.0000
2026-09-14T04:00:00+00:00,4370.60010,4371.89990,4362.10010,4369.60010,2687.0000
2026-09-14T05:00:00+00:00,4369.79980,4378.10010,4363.50000,4378.10010,4403.0000
2026-09-14T06:00:00+00:00,4377.89990,4379.29980,4360.89990,4362.50000,3506.0000
2026-09-14T07:00:00+00:00,4362.39990,4364.50000,4348.00000,4350.70020,5155.0000
2026-09-14T08:00:00+00:00,4350.89990,4358.39990,4343.20020,4346.60010,4232.0000
2026-09-14T09:00:00+00:00,4346.29980,4351.79980,4317.29980,4325.20020,14005.0000
2026-09-14T10:00:00+00:00,4325.10010,4336.50000,4317.79980,4334.39990,5543.0000
2026-09-14T11:00:00+00:00,4334.39990,4337.10010,4324.10010,4326.89990,4515.0000
2026-09-14T12:00:00+00:00,4327.10010,4337.70020,4305.70020,4310.79980,13243.0000
2026-09-14T13:00:00+00:00,4311.20020,4321.89990,4293.00000,4312.20020,17440.0000
2026-09-14T14:00:00+00:00,4312.10010,4323.39990,4303.70020,4320.10010,12103.0000
2026-09-14T15:00:00+00:00,4320.20020,4339.39990,4313.10010,4329.10010,16489.0000
2026-09-14T16:00:00+00:00,4329.29980,4358.89990,4327.29980,4356.50000,11487.0000
2026-09-14T17:00:00+00:00,4356.50000,4357.39990,4348.20020,4351.60010,7995.0000
2026-09-14T18:00:00+00:00,4351.70020,4356.70020,4345.00000,4347.79980,4977.0000
2026-09-14T19:00:00+00:00,4347.89990,4348.29980,4323.20020,4324.10010,6301.0000
2026-09-14T20:00:00+00:00,4324.10010,4340.39990,4322.79980,4340.00000,3084.0000
2026-09-14T22:00:00+00:00,4340.29980,4343.60010,4332.60010,4335.89990,0.0000
2026-09-14T23:00:00+00:00,4335.79980,4338.10010,4327.50000,4329.00000,4009.0000
2026-09-15T00:00:00+00:00,4328.89990,4337.29980,4323.79980,4333.60010,3269.0000
2026-09-15T01:00:00+00:00,4333.79980,4347.00000,4328.39990,4344.10010,5768.0000
2026-09-15T02:00:00+00:00,4344.50000,4358.20020,4344.39990,4354.89990,5452.0000
2026-09-15T03:00:00+00:00,4354.79980,4355.20020,4343.89990,4345.10010,4389.0000
2026-09-15T04:00:00+00:00,4344.00000,4350.39990,4341.29980,4344.79980,3909.0000
2026-09-15T05:00:00+00:00,4344.89990,4347.89990,4329.10010,4331.20020,4099.0000
2026-09-15T06:00:00+00:00,4331.10010,4335.29980,4325.89990,4333.60010,5266.0000
2026-09-15T07:00:00+00:00,4333.50000,4335.70020,4316.60010,4320.70020,6315.0000
2026-09-15T08:00:00+00:00,4320.79980,4320.89990,4301.70020,4302.79980,7672.0000
2026-09-15T09:00:00+00:00,4303.10010,4312.39990,4301.60010,4308.70020,6841.0000
2026-09-15T10:00:00+00:00,4308.79980,4324.00000,4308.79980,4321.79980,5217.0000
2026-09-15T11:00:00+00:00,4321.20020,4326.70020,4318.79980,4324.39990,4317.0000
2026-09-15T12:00:00+00:00,4324.39990,4336.29980,4311.00000,4330.60010,10547.0000
2026-09-15T13:00:00+00:00,4330.20020,4338.50000,4323.29980,4334.60010,11448.0000
2026-09-15T14:00:00+00:00,4334.60010,4340.70020,4313.00000,4316.79980,12905.0000
2026-09-15T15:00:00+00:00,4316.89990,4335.20020,4316.60010,4329.89990,8798.0000
2026-09-15T16:00:00+00:00,4329.60010,4338.39990,4325.39990,4335.60010,7393.0000
2026-09-15T17:00:00+00:00,4335.79980,4339.79980,4330.50000,4335.29980,9125.0000
2026-09-15T18:00:00+00:00,4335.50000,4350.60010,4332.89990,4348.70020,6872.0000
2026-09-15T19:00:00+00:00,4348.70020,4350.79980,4333.70020,4337.29980,4498.0000
2026-09-15T20:00:00+00:00,4337.29980,4338.79980,4331.60010,4333.39990,2260.0000
2026-09-15T22:00:00+00:00,4333.50000,4339.50000,4329.20020,4329.20020,0.0000
2026-09-15T23:00:00+00:00,4329.10010,4329.70020,4321.20020,4323.29980,5332.0000
2026-09-16T00:00:00+00:00,4323.89990,4326.50000,4315.20020,4317.10010,3709.0000
2026-09-16T01:00:00+00:00,4317.10010,4333.29980,4316.29980,4321.79980,6320.0000
2026-09-16T02:00:00+00:00,4322.00000,4363.89990,4321.39990,4362.10010,11158.0000
2026-09-16T03:00:00+00:00,4362.29980,4381.89990,4361.89990,4367.20020,9328.0000
2026-09-16T04:00:00+00:00,4368.00000,4369.20020,4361.50000,4362.60010,1875.0000
2026-09-16T05:00:00+00:00,4362.79980,4374.29980,4361.70020,4366.89990,3544.0000
2026-09-16T06:00:00+00:00,4366.89990,4373.39990,4361.70020,4373.20020,4089.0000
2026-09-16T07:00:00+00:00,4372.70020,4379.10010,4368.20020,4369.00000,4777.0000
2026-09-16T08:00:00+00:00,4369.00000,4377.70020,4362.60010,4371.10010,7572.0000
2026-09-16T09:00:00+00:00,4371.20020,4380.29980,4368.29980,4379.10010,6323.0000
2026-09-16T10:00:00+00:00,4379.10010,4393.00000,4378.60010,4391.89990,9298.0000
2026-09-16T11:00:00+00:00,4392.00000,4394.79980,4382.70020,4382.79980,7658.0000
2026-09-16T12:00:00+00:00,4382.79980,4390.10010,4375.00000,4388.39990,9825.0000
2026-09-16T13:00:00+00:00,4388.50000,4402.89990,4376.29980,4379.89990,13761.0000
2026-09-16T14:00:00+00:00,4379.89990,4398.10010,4364.50000,4397.29980,17127.0000
2026-09-16T15:00:00+00:00,4397.20020,4405.20020,4384.50000,4394.70020,12862.0000
2026-09-16T16:00:00+00:00,4394.89990,4395.00000,4385.29980,4388.50000,5720.0000
2026-09-16T17:00:00+00:00,4388.29980,4413.10010,4383.39990,4399.00000,9235.0000
2026-09-16T18:00:00+00:00,4404.20020,4412.00000,4296.20020,4301.29980,57928.0000
2026-09-16T19:00:00+00:00,4301.00000,4326.89990,4273.29980,4311.39990,30424.0000
2026-09-16T20:00:00+00:00,4311.20020,4312.89990,4296.89990,4302.50000,3721.0000
2026-09-16T22:00:00+00:00,4301.39990,4314.00000,4294.50000,4304.70020,0.0000
2026-09-16T23:00:00+00:00,4304.00000,4313.70020,4296.79980,4309.70020,5022.0000
2026-09-17T00:00:00+00:00,4309.79980,4330.39990,4304.39990,4318.50000,6675.0000
2026-09-17T01:00:00+00:00,4318.39990,4356.20020,4318.39990,4337.89990,11226.0000
2026-09-17T02:00:00+00:00,4338.20020,4338.89990,4312.00000,4315.20020,7058.0000
2026-09-17T03:00:00+00:00,4315.20020,4336.00000,4315.20020,4335.39990,3474.0000
2026-09-17T04:00:00+00:00,4334.20020,4337.50000,4328.70020,4336.10010,2656.0000
2026-09-17T05:00:00+00:00,4335.60010,4343.70020,4323.70020,4342.60010,3259.0000
2026-09-17T06:00:00+00:00,4342.50000,4353.79980,4342.29980,4349.50000,5112.0000
2026-09-17T07:00:00+00:00,4349.39990,4374.39990,4347.79980,4366.10010,9148.0000
2026-09-17T08:00:00+00:00,4366.39990,4367.20020,4349.20020,4350.70020,5881.0000
2026-09-17T09:00:00+00:00,4351.29980,4358.50000,4343.89990,4345.10010,4906.0000
2026-09-17T10:00:00+00:00,4345.29980,4364.70020,4343.79980,4363.70020,3767.0000
2026-09-17T11:00:00+00:00,4363.89990,4393.50000,4362.89990,4390.00000,11769.0000
2026-09-17T12:00:00+00:00,4390.00000,4423.29980,4383.79980,4413.79980,22391.0000
2026-09-17T13:00:00+00:00,4413.79980,4415.79980,4395.89990,4407.39990,15138.0000
2026-09-17T14:00:00+00:00,4407.29980,4420.89990,4392.20020,4394.50000,12711.0000
2026-09-17T15:00:00+00:00,4394.60010,4410.20020,4391.79980,4409.79980,8010.0000
2026-09-17T16:00:00+00:00,4410.10010,4412.70020,4395.29980,4401.89990,8155.0000
2026-09-17T17:00:00+00:00,4402.10010,4405.70020,4397.29980,4400.29980,5445.0000
2026-09-17T18:00:00+00:00,4401.20020,4405.60010,4388.10010,4390.89990,4414.0000
2026-09-17T19:00:00+00:00,4391.20020,4395.39990,4381.60010,4385.20020,4499.0000
2026-09-17T20:00:00+00:00,4385.60010,4386.20020,4380.29980,4380.60010,1812.0000
2026-09-17T22:00:00+00:00,4381.60010,4388.50000,4380.10010,4383.00000,0.0000
2026-09-17T23:00:00+00:00,4383.20020,4387.10010,4378.29980,4385.00000,2562.0000
2026-09-18T00:00:00+00:00,4384.39990,4399.50000,4380.70020,4394.89990,3344.0000
2026-09-18T01:00:00+00:00,4395.50000,4404.60010,4382.60010,4387.00000,5269.0000
2026-09-18T02:00:00+00:00,4387.00000,4395.10010,4381.79980,4385.39990,3506.0000
2026-09-18T03:00:00+00:00,4384.79980,4399.50000,4372.20020,4396.60010,7107.0000
2026-09-18T04:00:00+00:00,4397.60010,4406.89990,4391.79980,4406.39990,3435.0000
2026-09-18T05:00:00+00:00,4406.70020,4418.10010,4399.79980,4416.89990,6134.0000
2026-09-18T06:00:00+00:00,4417.00000,4437.10010,4416.70020,4433.50000,7605.0000
2026-09-18T07:00:00+00:00,4433.20020,4439.79980,4429.00000,4433.29980,5775.0000
2026-09-18T08:00:00+00:00,4433.20020,4438.29980,4424.89990,4432.10010,4536.0000
2026-09-18T09:00:00+00:00,4432.29980,4438.29980,4413.10010,4416.10010,5680.0000
2026-09-18T10:00:00+00:00,4416.39990,4422.20020,4415.50000,4421.29980,2837.0000
2026-09-18T11:00:00+00:00,4421.20020,4428.10010,4411.39990,4420.79980,5523.0000
2026-09-18T12:00:00+00:00,4420.89990,4421.89990,4392.39990,4407.60010,11060.0000
2026-09-18T13:00:00+00:00,4408.00000,4414.50000,4385.60010,4387.60010,11978.0000
2026-09-18T14:00:00+00:00,4387.50000,4400.10010,4381.00000,4391.50000,11611.0000
2026-09-18T15:00:00+00:00,4391.20020,4396.60010,4386.10010,4395.00000,7113.0000
2026-09-18T16:00:00+00:00,4395.20020,4422.60010,4393.39990,4421.10010,9530.0000
2026-09-18T17:00:00+00:00,4421.20020,4435.20020,4419.89990,4431.29980,8838.0000
2026-09-18T18:00:00+00:00,4431.39990,4432.89990,4418.20020,4420.79980,4815.0000
2026-09-18T19:00:00+00:00,4420.70020,4424.29980,4413.50000,4415.60010,4184.0000
2026-09-18T20:00:00+00:00,4415.60010,4424.89990,4414.39990,4424.89990,2172.0000
2026-09-20T22:00:00+00:00,4415.00000,4417.79980,4412.00000,4412.10010,1331.0000
2026-09-20T23:00:00+00:00,4412.20020,4414.79980,4406.89990,4411.60010,1537.0000
2026-09-21T00:00:00+00:00,4411.50000,4414.29980,4396.39990,4404.79980,4771.0000
2026-09-21T01:00:00+00:00,4404.79980,4422.10010,4404.79980,4415.70020,6000.0000
2026-09-21T02:00:00+00:00,4416.00000,4416.20020,4399.00000,4401.50000,4445.0000
2026-09-21T03:00:00+00:00,4401.70020,4406.00000,4395.39990,4395.79980,3875.0000
2026-09-21T04:00:00+00:00,4396.79980,4402.89990,4392.20020,4393.10010,2440.0000
2026-09-21T05:00:00+00:00,4392.89990,4399.29980,4386.29980,4388.00000,4422.0000
2026-09-21T06:00:00+00:00,4387.89990,4393.10010,4383.50000,4390.70020,4104.0000
2026-09-21T07:00:00+00:00,4390.79980,4393.70020,4379.00000,4381.60010,6378.0000
2026-09-21T08:00:00+00:00,4381.50000,4395.20020,4380.79980,4390.70020,4269.0000
2026-09-21T09:00:00+00:00,4390.70020,4392.39990,4377.50000,4383.60010,5269.0000
2026-09-21T10:00:00+00:00,4383.39990,4394.60010,4380.10010,4380.39990,2999.0000
2026-09-21T11:00:00+00:00,4380.20020,4409.39990,4379.50000,4407.29980,5402.0000
2026-09-21T12:00:00+00:00,4407.10010,4413.00000,4388.70020,4397.39990,9693.0000
2026-09-21T13:00:00+00:00,4397.20020,4407.79980,4383.60010,4383.79980,9953.0000
2026-09-21T14:00:00+00:00,4383.70020,4384.79980,4360.29980,4376.89990,19633.0000
2026-09-21T15:00:00+00:00,4377.10010,4394.60010,4377.00000,4386.29980,9045.0000
2026-09-21T16:00:00+00:00,4386.50000,4395.70020,4381.00000,4381.39990,7896.0000
2026-09-21T17:00:00+00:00,4381.50000,4385.29980,4375.70020,4383.00000,7202.0000
2026-09-21T18:00:00+00:00,4383.00000,4390.89990,4382.20020,4384.39990,4542.0000
2026-09-21T19:00:00+00:00,4384.29980,4391.89990,4380.39990,4383.00000,3882.0000
2026-09-21T20:00:00+00:00,4383.00000,4383.29980,4377.29980,4381.00000,1437.0000
2026-09-21T22:00:00+00:00,4382.50000,4402.79980,4382.00000,4398.70020,0.0000
2026-09-21T23:00:00+00:00,4398.70020,4408.60010,4395.50000,4406.79980,6083.0000
2026-09-22T00:00:00+00:00,4407.00000,4414.10010,4385.89990,4397.70020,5693.0000
2026-09-22T01:00:00+00:00,4397.60010,4402.50000,4380.60010,4385.89990,5104.0000
2026-09-22T02:00:00+00:00,4386.20020,4392.79980,4376.29980,4381.79980,5885.0000
2026-09-22T03:00:00+00:00,4381.60010,4386.60010,4376.50000,4379.10010,2830.0000
2026-09-22T04:00:00+00:00,4378.50000,4379.79980,4371.39990,4379.50000,3657.0000
2026-09-22T05:00:00+00:00,4379.60010,4384.20020,4352.70020,4360.29980,9907.0000
2026-09-22T06:00:00+00:00,4360.39990,4361.00000,4351.79980,4355.00000,5303.0000
2026-09-22T07:00:00+00:00,4354.29980,4361.00000,4335.50000,4337.50000,8602.0000
2026-09-22T08:00:00+00:00,4337.20020,4372.70020,4327.60010,4367.29980,14011.0000
2026-09-22T09:00:00+00:00,4366.29980,4375.29980,4349.00000,4374.10010,10880.0000
2026-09-22T10:00:00+00:00,4373.79980,4375.29980,4359.00000,4359.00000,4281.0000
2026-09-22T11:00:00+00:00,4358.79980,4360.79980,4346.29980,4359.89990,6935.0000
2026-09-22T12:00:00+00:00,4360.20020,4381.39990,4357.10010,4371.50000,10166.0000
2026-09-22T13:00:00+00:00,4371.60010,4381.89990,4365.20020,4371.00000,12165.0000
2026-09-22T14:00:00+00:00,4370.79980,4376.39990,4351.79980,4365.29980,14992.0000
2026-09-22T15:00:00+00:00,4365.50000,4378.29980,4362.60010,4368.70020,9180.0000
2026-09-22T16:00:00+00:00,4368.60010,4379.79980,4359.79980,4374.10010,7232.0000
2026-09-22T17:00:00+00:00,4374.00000,4391.29980,4372.50000,4388.89990,8707.0000
2026-09-22T18:00:00+00:00,4388.79980,4398.79980,4385.50000,4390.89990,8284.0000
2026-09-22T19:00:00+00:00,4391.10010,4409.60010,4390.70020,4401.79980,8406.0000
2026-09-22T20:00:00+00:00,4402.10010,4402.50000,4393.50000,4396.20020,3169.0000
2026-09-22T22:00:00+00:00,4394.70020,4403.79980,4394.70020,4400.60010,0.0000
2026-09-22T23:00:00+00:00,4400.79980,4404.10010,4396.39990,4402.00000,2196.0000
2026-09-23T00:00:00+00:00,4401.39990,4407.50000,4392.29980,4394.79980,4365.0000
2026-09-23T01:00:00+00:00,4395.00000,4396.60010,4375.89990,4378.29980,5485.0000
2026-09-23T02:00:00+00:00,4378.20020,4378.29980,4370.10010,4370.70020,3487.0000
2026-09-23T03:00:00+00:00,4370.70020,4382.39990,4370.00000,4380.00000,2627.0000
2026-09-23T04:00:00+00:00,4379.39990,4384.39990,4379.20020,4381.00000,1536.0000
2026-09-23T05:00:00+00:00,4381.20020,4382.89990,4365.10010,4372.29980,3893.0000
2026-09-23T06:00:00+00:00,4371.79980,4374.10010,4363.29980,4368.50000,4129.0000
2026-09-23T07:00:00+00:00,4367.79980,4369.60010,4355.10010,4356.20020,7112.0000
2026-09-23T08:00:00+00:00,4356.20020,4359.79980,4352.20020,4355.00000,4430.0000
2026-09-23T09:00:00+00:00,4354.89990,4357.29980,4345.29980,4350.60010,4276.0000
2026-09-23T10:00:00+00:00,4351.10010,4356.00000,4349.00000,4352.50000,3232.0000
2026-09-23T11:00:00+00:00,4352.10010,4354.00000,4330.89990,4346.29980,7047.0000
2026-09-23T12:00:00+00:00,4346.39990,4355.60010,4337.20020,4346.29980,9136.0000
2026-09-23T13:00:00+00:00,4346.29980,4350.60010,4317.29980,4320.39990,17623.0000
2026-09-23T14:00:00+00:00,4320.10010,4335.00000,4313.89990,4330.60010,19130.0000
2026-09-23T15:00:00+00:00,4330.60010,4333.60010,4313.29980,4318.29980,10267.0000
2026-09-23T16:00:00+00:00,4318.29980,4326.10010,4314.50000,4321.10010,6150.0000
2026-09-23T17:00:00+00:00,4321.20020,4330.00000,4310.70020,4329.50000,11378.0000
2026-09-23T18:00:00+00:00,4329.60010,4331.50000,4319.00000,4326.79980,3540.0000
2026-09-23T19:00:00+00:00,4326.70020,4329.89990,4317.29980,4320.60010,4578.0000
2026-09-23T20:00:00+00:00,4320.29980,4326.50000,4318.39990,4322.70020,3050.0000
2026-09-23T21:00:00+00:00,4322.70020,4322.70020,4322.70020,4322.70020,1.0000
2026-09-23T22:00:00+00:00,4324.39990,4328.79980,4320.89990,4324.20020,0.0000
2026-09-23T23:00:00+00:00,4324.00000,4328.79980,4320.20020,4323.79980,2047.0000
2026-09-24T00:00:00+00:00,4324.10010,4334.60010,4319.00000,4333.70020,3445.0000
2026-09-24T01:00:00+00:00,4333.79980,4338.00000,4312.60010,4314.79980,7151.0000
2026-09-24T02:00:00+00:00,4314.00000,4332.00000,4308.00000,4325.70020,8692.0000
2026-09-24T03:00:00+00:00,4325.39990,4328.70020,4315.60010,4318.89990,3021.0000
2026-09-24T04:00:00+00:00,4320.10010,4325.10010,4316.39990,4324.29980,1596.0000
2026-09-24T05:00:00+00:00,4324.39990,4331.20020,4312.00000,4313.60010,3081.0000
2026-09-24T06:00:00+00:00,4313.79980,4321.29980,4309.00000,4311.29980,4797.0000
2026-09-24T07:00:00+00:00,4311.20020,4323.00000,4309.00000,4313.29980,4374.0000
2026-09-24T08:00:00+00:00,4313.39990,4320.29980,4295.00000,4295.50000,9339.0000
2026-09-24T09:00:00+00:00,4295.50000,4301.70020,4285.00000,4289.70020,6193.0000
2026-09-24T10:00:00+00:00,4289.60010,4299.39990,4278.29980,4292.50000,9544.0000
2026-09-24T11:00:00+00:00,4292.39990,4302.39990,4286.39990,4300.39990,5179.0000
2026-09-24T12:00:00+00:00,4300.20020,4318.20020,4295.00000,4316.00000,8327.0000
2026-09-24T13:00:00+00:00,4316.20020,4320.00000,4299.70020,4302.50000,10750.0000
2026-09-24T14:00:00+00:00,4302.50000,4308.39990,4287.39990,4288.00000,12121.0000
2026-09-24T15:00:00+00:00,4288.29980,4295.10010,4279.50000,4291.29980,10409.0000
2026-09-24T16:00:00+00:00,4291.50000,4324.29980,4287.20020,4308.70020,18132.0000
2026-09-24T17:00:00+00:00,4308.00000,4313.00000,4293.20020,4300.10010,11268.0000
2026-09-24T18:00:00+00:00,4300.20020,4317.20020,4291.29980,4307.10010,8410.0000
2026-09-24T19:00:00+00:00,4307.20020,4310.89990,4302.20020,4309.39990,3962.0000
2026-09-24T20:00:00+00:00,4309.10010,4311.39990,4299.70020,4310.10010,3851.0000
2026-09-24T22:00:00+00:00,4309.50000,4312.79980,4303.10010,4307.50000,0.0000
2026-09-24T23:00:00+00:00,4307.79980,4311.39990,4299.89990,4300.10010,4081.0000
2026-09-25T00:00:00+00:00,4299.89990,4315.50000,4299.29980,4313.00000,2434.0000
2026-09-25T01:00:00+00:00,4313.20020,4331.00000,4311.70020,4323.20020,4532.0000
2026-09-25T02:00:00+00:00,4323.20020,4330.50000,4313.00000,4318.89990,2720.0000
2026-09-25T03:00:00+00:00,4319.00000,4321.60010,4305.39990,4305.70020,2074.0000
2026-09-25T04:00:00+00:00,4304.79980,4308.39990,4297.00000,4297.39990,2789.0000
2026-09-25T05:00:00+00:00,4297.00000,4311.89990,4290.29980,4301.29980,4430.0000
2026-09-25T06:00:00+00:00,4301.10010,4316.39990,4300.79980,4311.00000,4485.0000
2026-09-25T07:00:00+00:00,4310.89990,4317.00000,4306.20020,4314.79980,3857.0000
2026-09-25T08:00:00+00:00,4314.50000,4332.70020,4310.00000,4328.89990,4720.0000
2026-09-25T09:00:00+00:00,4329.00000,4333.50000,4325.39990,4330.79980,5320.0000
2026-09-25T10:00:00+00:00,4330.70020,4347.50000,4329.60010,4346.79980,5264.0000
2026-09-25T11:00:00+00:00,4346.89990,4351.60010,4335.89990,4338.60010,7031.0000
2026-09-25T12:00:00+00:00,4339.10010,4345.29980,4332.29980,4333.89990,9170.0000
2026-09-25T13:00:00+00:00,4333.89990,4335.29980,4308.60010,4310.89990,12393.0000
2026-09-25T14:00:00+00:00,4310.70020,4315.89990,4289.20020,4314.10010,16267.0000
2026-09-25T15:00:00+00:00,4314.10010,4326.60010,4304.89990,4326.39990,11903.0000
2026-09-25T16:00:00+00:00,4326.50000,4336.00000,4314.50000,4321.50000,13765.0000
2026-09-25T17:00:00+00:00,4321.60010,4328.39990,4314.50000,4318.10010,6181.0000
2026-09-25T18:00:00+00:00,4318.29980,4331.10010,4317.70020,4329.79980,3900.0000
2026-09-25T19:00:00+00:00,4329.79980,4332.39990,4322.70020,4326.60010,5257.0000
2026-09-25T20:00:00+00:00,4326.50000,4327.60010,4320.00000,4321.20020,1901.0000
2026-09-25T20:59:59+00:00,4321.20020,4321.20020,4321.20020,4321.20020,0.0000
